,count,mean,std,min,25%,50%,75%,max
SeniorCitizen,7043.0,0.1621468124378816,0.3686116056100131,0.0,0.0,0.0,0.0,1.0
tenure,7043.0,-1.9168411159224625e-17,1.0000710000355895,-1.318164947398796,-0.9516816739185228,-0.1372743995179157,0.9214550572028734,1.6137012404433893
MonthlyCharges,7043.0,-6.204512033117444e-17,1.0000710000355895,-1.54585982007346,-0.9725398550161476,0.1857326540996401,0.8338334841644282,1.7943521502604476
TotalCharges,7043.0,-1.4628524305724057e-17,1.0000710000355895,-0.999120286502898,-0.8298459149110684,-0.3904631977518628,0.664287100296856,2.826743191921293
